"gdp_pps","unemployment","life_expectancy","disposable_income","poverty_risk","early_school_leaving","tertiary_edu","emp_agriculture","emp_industry","emp_services","rd_expenditure","pop_density","renewables_share","ghg_emissions","municipal_waste","geo","country"
31800,5.1,81.4,85,13,1.9,31.4,4.00296515937732,14.3810229799852,22.9058561897702,0.84,78.1,34.643,56661055.73,835,"AT11","AT"
37400,5.1,80.7,100,15.2,7.8,33.9,4.67080745341615,17.9378881987578,22.8695652173913,1.78,89.3,34.643,56661055.73,835,"AT12","AT"
53800,12.1,80.1,143,26.3,9.9,44.5,0.395165039516504,9.40260344026034,24.7443049744305,4.04,4838.6,34.643,56661055.73,835,"AT13","AT"
40100,5.6,81.5,107,15.6,7.9,33.6,4.04280618311534,19.1835116924296,26.0800634165676,2.98,60,34.643,56661055.73,835,"AT21","AT"
41700,4.3,81.8,111,15.3,7.9,30.2,5.10083036773428,20.149127266565,23.1655651584477,5.17,76.7,34.643,56661055.73,835,"AT22","AT"
47400,3.8,81.5,126,11.2,6.5,30.5,4.2098184263618,26.079354404842,23.4700739744452,3.58,127.4,34.643,56661055.73,835,"AT31","AT"
52400,4.6,81.9,140,14.3,6.3,33.6,4.27691192461037,16.201522290685,28.16237767307,1.75,79.3,34.643,56661055.73,835,"AT32","AT"
44500,4.8,82.8,118,18.2,7.9,31.4,2.75006740361283,17.2283634402804,28.4712860609329,3.21,60.7,34.643,56661055.73,835,"AT33","AT"
51400,4.1,82.7,137,19.4,6.3,28.6,2.11480362537764,29.5568982880161,22.5579053373615,1.86,157.3,34.643,56661055.73,835,"AT34","AT"
72900,12.4,81.4,194,35.5,9.1,52.2,2.63005780346821,6.07535986452159,18.5436071126164,2.49,7560.8,13.017,87431269.96,755,"BE10","BE"
51300,5.2,82.9,137,16.4,6.2,43.5,0.597832855897372,14.4600822020177,23.8261302777432,4.04,669.1,13.017,87431269.96,755,"BE21","BE"
35400,3.4,83.2,94,13.8,6.8,39.2,1.12624410686223,15.6626506024096,22.0796228391828,3,369,13.017,87431269.96,755,"BE22","BE"
41200,2.8,82.7,110,11.4,6.1,50,0.832177531206657,16.0471567267684,19.8613037447989,2.83,515.2,13.017,87431269.96,755,"BE23","BE"
48200,4,83.6,128,10.5,5.7,53.2,0.420168067226891,7.50300120048019,21.3485394157663,3.77,548.6,13.017,87431269.96,755,"BE24","BE"
43000,3.6,82.8,114,10.1,5.1,39.5,1.06020446800454,17.8909503975767,23.608481635744,6.09,382.1,13.017,87431269.96,755,"BE25","BE"
52800,6.8,83.1,141,21.1,4.9,59.7,1.29107981220657,11.3262910798122,15.669014084507,3.57,371.5,13.017,87431269.96,755,"BE31","BE"
27100,10.3,79,72,28.9,11.4,33.5,0.68864774624374,12.9173622704508,20.3255425709516,1.77,355.3,13.017,87431269.96,755,"BE32","BE"
31900,9.4,80.1,85,23.6,7.4,42.4,0.879486570002377,13.9053957689565,18.7306869503209,1.26,290.2,13.017,87431269.96,755,"BE33","BE"
27400,5.6,80.3,73,23.2,9.1,44.6,1.92153722978383,12.0896717373899,20.0960768614892,1.49,65.2,13.017,87431269.96,755,"BE34","BE"
29500,7.6,80,79,21.5,6.3,42.8,2.32798758406622,9.36368339368857,16.6580444904294,1.18,136.4,13.017,87431269.96,755,"BE35","BE"
7200,10.9,69.5,39,41.4,19.2,19.8,7.66721044045677,29.0783034257749,23.1647634584013,0.36,38.4,19.394,51853625.55,470,"BG31","BG"
7700,6.7,69.9,41,34.6,10,26.6,7.89566443426154,30.1022206556221,27.1765949947127,0.31,52.5,19.394,51853625.55,470,"BG32","BG"
8600,5.9,70.6,47,29.6,14.4,25.9,7.81118291654959,15.5661702725485,33.4644563079517,0.35,63.4,19.394,51853625.55,470,"BG33","BG"
8600,5.5,70.6,46,37.9,21.4,22.7,8.38046272493573,26.0668380462725,25.7583547557841,0.28,52.2,19.394,51853625.55,470,"BG34","BG"
17900,3.4,72.3,97,21.4,6.6,43.1,2.03512396694215,16.0433884297521,28.8739669421488,1.18,103.3,19.394,51853625.55,470,"BG41","BG"
7300,3.9,71.8,39,37.1,12.1,22.6,8.79323031640912,28.5871964679912,24.5584988962472,0.46,63.5,19.394,51853625.55,470,"BG42","BG"
27800,7.2,81.3,91,19.9,9.8,47,2.17137520429605,8.68550081718422,27.0838197525099,0.83,96.8,19.069,6864697.96,635,"CY00","CY"
52600,2.3,79.2,206,9.2,0.8,49.8,0.207253886010363,9.32642487046632,20.340488527017,2.83,2741.6,17.614,93852276.54,570,"CZ01","CZ"
21100,2.5,77.4,83,7.3,6.3,25.6,2.67062314540059,25.593471810089,23.6795252225519,2.28,129.8,17.614,93852276.54,570,"CZ02","CZ"
19700,2.4,77.4,77,9.7,8.6,21.6,3.93980385525871,33.6489685492053,19.5299289820764,1.57,72,17.614,93852276.54,570,"CZ03","CZ"
15700,4.3,75,61,14,14.1,15.1,1.94499017681729,32.475442043222,20.8644400785855,0.38,131.3,17.614,93852276.54,570,"CZ04","CZ"
18900,2.4,77.4,74,11.8,5.6,20.9,3.24087178035664,36.9091423719219,17.3506934616473,1.38,123.8,17.614,93852276.54,570,"CZ05","CZ"
22100,2.4,78.1,86,8.7,3.8,27.7,3.20457086076264,29.5118618805117,19.9478325673829,2.52,124.3,17.614,93852276.54,570,"CZ06","CZ"
18800,2.2,77.2,73,11.5,5.8,24.5,2.84030010718114,36.2272240085745,19.3640585923544,1.58,132.9,17.614,93852276.54,570,"CZ07","CZ"
18100,4.6,75.8,71,15,7.5,22.5,2.05580029368576,33.7922173274596,19.5117474302496,1.16,225.2,17.614,93852276.54,570,"CZ08","CZ"
58500,3.1,82.3,159,14.5,11.2,35.5,0.717262770185131,32.3785984297761,17.4275467674712,6.81,393.7,19.302,614397640.24,648,"DE11","DE"
48200,3.4,81.7,131,17.2,10.5,34.2,4.2098184263618,25.644045340792,19.034300014721,5.38,409.5,19.302,614397640.24,648,"DE12","DE"
41400,3.2,82.1,112,15.7,11.5,33.6,1.44980506822612,29.9883938934024,18.5340594589769,3.07,245.5,19.302,614397640.24,648,"DE13","DE"
47900,3,82.4,130,15.6,13.3,33.1,2.50938258885864,31.5472001608525,17.4122851110888,5.47,214.9,19.302,614397640.24,648,"DE14","DE"
65000,2.7,82.4,177,14.5,8.4,43.2,1.05184402781445,21.7322418801162,18.4314761024558,4.46,274.4,19.302,614397640.24,648,"DE21","DE"
43800,1.8,80.6,119,17.5,10.9,27.4,2.45274852113692,30.0389554176886,18.3234742461405,1.35,121.5,19.302,614397640.24,648,"DE22","DE"
47700,2.4,80.6,129,18.6,14.9,31.1,4.2098184263618,29.660871062145,17.8171802375624,2.73,115.3,19.302,614397640.24,648,"DE23","DE"
42900,3.3,80.3,116,17.9,11.5,30.6,1.7239922251331,28.7449392712551,18.2186234817814,2.49,147.4,19.302,614397640.24,648,"DE24","DE"
49600,3.4,80.7,135,18,14.9,32.8,1.54560810810811,26.6983610659327,17.6279244338796,3.66,246.1,19.302,614397640.24,648,"DE25","DE"
44000,2.6,81.6,119,20.8,11.5,30.8,4.65312380222307,26.5664160401003,20.6627680311891,3.05,155.1,19.302,614397640.24,648,"DE26","DE"
42900,2.8,81.6,117,15.9,9.3,30.4,2.05850487540628,27.8636856101645,18.428050822417,1.5,192.5,19.302,614397640.24,648,"DE27","DE"
48200,5.7,81,131,24.6,10.9,46.7,1.29107981220657,8.99473991817651,19.7720631209819,3.37,4334.3,19.302,614397640.24,648,"DE30","DE"
32500,3,80,88,19.6,16.2,31.3,1.7239922251331,14.865207470633,20.5611425673963,1.75,87.1,19.302,614397640.24,648,"DE40","DE"
51600,6.5,80.2,140,37.3,9.9,33.6,2.63005780346821,15.4120700843608,25.9896171317326,3.25,1740.8,19.302,614397640.24,648,"DE50","DE"
77000,4.5,81.1,209,25,10.2,41.4,1.15838031778575,12.6921387790953,22.3210364514712,2.21,2605.4,19.302,614397640.24,648,"DE60","DE"
57300,4.1,81.6,155,24.3,15.2,34.1,0.649566955363091,17.2110956409982,23.0855735246867,3.38,544.1,19.302,614397640.24,648,"DE71","DE"
38800,3.5,80.6,105,19.2,11.5,31,1.77099343300265,22.7733220768257,19.8395947657239,2.72,195.1,19.302,614397640.24,648,"DE72","DE"
40900,3,80.6,111,24.7,16.2,26.9,1.65966601782604,23.60581918947,20.6615864218912,1.93,147.4,19.302,614397640.24,648,"DE73","DE"
32300,3.8,79.7,88,18.8,14.6,27.3,2.50665172944966,12.5752695700882,22.6438874107268,1.77,71.3,19.302,614397640.24,648,"DE80","DE"
49000,3.9,80.4,133,24.3,12.2,31.2,1.05184402781445,27.4996697926298,17.1311583674548,6.09,197,19.302,614397640.24,648,"DE91","DE"
43200,2.8,80.7,117,21.7,12,30.2,1.57752981916122,19.1612158522509,20.4501731435167,2.53,238.9,19.302,614397640.24,648,"DE92","DE"
32400,3.1,80.7,88,20.8,14.4,26.7,3.3414415567789,17.4497503520676,23.4284982716682,0.87,111.7,19.302,614397640.24,648,"DE93","DE"
39700,3.6,80.9,108,24.9,14.7,26.5,2.5089605734767,22.9220003413552,21.4797747055812,1.03,170.4,19.302,614397640.24,648,"DE94","DE"
45000,4.4,80.4,122,26.7,13.9,29.3,0.649566955363091,18.8790806129247,21.9978347768155,1.95,1006.5,19.302,614397640.24,648,"DEA1","DE"
46200,4.1,81.2,125,21,10,34.8,0.597832855897372,17.0508474576271,19.8886198547215,3.33,613.9,19.302,614397640.24,648,"DEA2","DE"
37200,3.7,80.5,101,24.8,12.5,27.4,1.54560810810811,20.3040540540541,19.6875,1.3,380.2,19.302,614397640.24,648,"DEA3","DE"
42000,3.9,81.3,114,26.5,10.3,26.6,1.54560810810811,27.9697163574323,19.6630411601621,1.9,316.2,19.302,614397640.24,648,"DEA4","DE"
38600,4.2,79.9,105,21.7,14.6,26.7,1.54560810810811,23.6705967276227,20.548604427334,1.84,448.4,19.302,614397640.24,648,"DEA5","DE"
36600,2.8,80.6,99,21.1,16.7,27.2,1.54560810810811,21.932974266906,22.2022740873728,0.89,187,19.302,614397640.24,648,"DEB1","DE"
33800,3.1,81.6,92,12.6,8,28.9,2.84030010718114,18.6903729401561,21.2922810060711,0.93,108.9,19.302,614397640.24,648,"DEB2","DE"
46900,4.2,81.1,127,23,13.7,31.8,1.3420245398773,23.4087423312883,19.0088190184049,4.23,303.6,19.302,614397640.24,648,"DEB3","DE"
37000,3.2,79.8,100,22.6,13.3,27.3,0.717262770185131,21.5955393523483,18.5502895131889,1.67,384.2,19.302,614397640.24,648,"DEC0","DE"
34600,3.4,80.5,94,15.7,5.8,33.7,1.69719827586207,21.2553879310345,18.9655172413793,4.61,205.1,19.302,614397640.24,648,"DED2","DE"
31000,2.3,79,84,18.9,6.3,25.5,3.21390937829294,25.7748014327986,18.7509733686342,1.91,218.2,19.302,614397640.24,648,"DED4","DE"
37100,4.5,80.3,101,25.2,6.3,36.9,1.57539820951052,15.4959557258408,20.7960834397616,2.21,269.7,19.302,614397640.24,648,"DED5","DE"
31600,4.2,78.6,86,23.4,17.2,25.1,1.71082829125808,19.2363863968287,21.9278113916128,1.6,108.1,19.302,614397640.24,648,"DEE0","DE"
36600,3.2,81,99,20.6,14.3,28.3,2.0145735105015,16.7809687098157,22.2460351478783,1.67,188.7,19.302,614397640.24,648,"DEF0","DE"
31800,3.5,79.1,86,22.9,12.6,28.4,1.65966601782604,24.0036881467063,19.8852576580268,2.76,131.7,19.302,614397640.24,648,"DEG0","DE"
78800,5.7,81.6,179,18.2,8.6,54.1,0.407157398478517,8.36815600557163,20.7650273224044,1.75,760,41.494,83374168.2,800,"DK01","DK"
39600,5,80.5,90,14.3,13.8,32.1,1.90375462718139,11.158117398202,23.4796404019038,1.75,118.4,41.494,83374168.2,800,"DK02","DK"
50800,4.5,81.6,115,16.8,10.4,33.9,2.98117154811716,15.8995815899582,24.023709902371,2.98,102,41.494,83374168.2,800,"DK03","DK"
53200,4.8,81.9,121,17.8,9.6,40.2,2.219074598678,15.5177840730249,23.0248662259994,1.75,104.1,41.494,83374168.2,800,"DK04","DK"
46800,5.2,81,106,18.1,8.9,35,2.88637194008038,15.7106320789185,21.6660577274388,4.23,76.5,41.494,83374168.2,800,"DK05","DK"
23600,6.2,77.2,85,15.3,9.8,41.2,2.53205648433696,20.5161499756533,23.5026781366661,1.75,30.6,37.342,11737738.68,395,"EE00","EE"
24100,11.9,79.8,89,21.6,2.5,45,0.610790634543604,11.6389548693587,31.2724804886325,1.79,986.8,22.001,78284466.52,509,"EL30","EL"
10700,13.9,83.1,39,28.1,4.4,27.9,18.4438040345821,5.3314121037464,29.3948126801153,1.02,60.3,22.001,78284466.52,509,"EL41","EL"
16400,18.8,81.6,60,23.2,14.4,24.1,3.00618921308576,6.10079575596817,47.4801061007958,0.27,66.5,22.001,78284466.52,509,"EL42","EL"
14100,16.3,81.7,52,28.8,4.4,27.6,20.5448861098705,7.23537293434569,33.8097364895042,1.88,76.7,22.001,78284466.52,509,"EL43","EL"
11700,18.5,79.3,43,35.3,4.9,24.9,22.4987303199594,13.2046724225495,26.3585576434738,1.08,42.7,22.001,78284466.52,509,"EL51","EL"
13700,16.1,79.3,50,33.7,1.7,33.3,10.9059067027543,14.9020856551505,32.7814042349944,1.39,100.8,22.001,78284466.52,509,"EL52","EL"
14600,19.8,80.7,54,28.9,11.1,27.7,17.741935483871,15.0921658986175,26.6129032258065,0.58,28.5,22.001,78284466.52,509,"EL53","EL"
11400,15.1,82.6,42,28,1.7,30,15.9362549800797,8.46613545816733,32.3705179282869,1.59,36.6,22.001,78284466.52,509,"EL54","EL"
13900,16.7,80,51,26.1,6.9,32.8,16.5238678090575,12.5254997960016,27.702978376173,1.18,51.1,22.001,78284466.52,509,"EL61","EL"
14500,13.2,80.7,54,29.4,4.4,18.8,10.6017191977077,5.73065902578797,52.0057306590258,0.62,89.1,22.001,78284466.52,509,"EL62","EL"
12400,17.5,80.3,46,42,6.9,26,23.1864708500223,8.94526034712951,30.7966177125056,1.48,58.8,22.001,78284466.52,509,"EL63","EL"
16000,17.2,80.5,59,30.8,11.1,24.7,21.1312700106724,19.957310565635,25.7203842049093,0.81,36,22.001,78284466.52,509,"EL64","EL"
14700,12.7,80.8,54,35.8,6.1,24.7,26.4604810996564,9.37653411880216,29.4059891998036,0.72,36.9,22.001,78284466.52,509,"EL65","EL"
23900,11.6,83.9,78,25.2,8.7,41.4,6.20908920890219,15.8687114269684,26.3138208341126,1.1,91.9,20.552,228806445.17,482,"ES11","ES"
23400,12.3,83,76,26.3,12.2,44.6,4.30833117051648,13.8333765896704,24.7599273293538,0.87,96.2,20.552,228806445.17,482,"ES12","ES"
24300,11.3,84,79,21.4,6.3,43.5,2.12234706616729,17.0203911776945,27.5488972118186,0.96,110.7,20.552,228806445.17,482,"ES13","ES"
32900,10.3,84.1,107,16,5.3,55,0.909966812975056,21.9355529386575,22.2567176961781,2.32,304.2,20.552,228806445.17,482,"ES21","ES"
31500,10.7,84.7,103,14.7,8.4,48.7,3.03672316384181,27.6129943502825,19.385593220339,1.91,63.5,20.552,228806445.17,482,"ES22","ES"
27400,11.6,83.4,89,21.3,13.1,40,6.29020729092209,27.3052180128663,21.0864903502502,0.75,62.8,20.552,228806445.17,482,"ES23","ES"
29100,10.3,83.5,95,20,13,40.5,6.04338842975207,19.9552341597796,23.5020661157025,1.02,28,20.552,228806445.17,482,"ES24","ES"
35700,11.7,85.2,116,21.6,9.8,49.7,0.161430923707745,8.7495560649598,24.6311303393278,1.93,846.9,20.552,228806445.17,482,"ES30","ES"
25000,11.6,84.3,82,23.1,12.7,39.3,6.71049885201419,16.4788144437487,23.4189104571071,1.37,25.5,20.552,228806445.17,482,"ES41","ES"
21500,15.7,83.3,70,32.5,15.5,31.3,7.10193363571258,15.7078061589878,27.7512532824063,0.8,25.9,20.552,228806445.17,482,"ES42","ES"
20400,20.2,82.4,66,38.7,14.3,29.2,10.5061349693252,10.9662576687117,24.0030674846626,0.74,25.9,20.552,228806445.17,482,"ES43","ES"
30400,11.7,83.7,99,22.3,14.9,42.5,1.57539820951052,16.9369840716196,27.4270433670503,1.78,239.7,20.552,228806445.17,482,"ES51","ES"
22900,16.1,82.4,75,30.6,13.2,38.2,2.51636861135542,17.0722173360696,30.1280171992573,1.2,217.8,20.552,228806445.17,482,"ES52","ES"
25800,14.3,83.2,84,22.4,15.4,36.3,1.18778280542986,6.59879336349925,35.4260935143288,0.48,244.4,20.552,228806445.17,482,"ES53","ES"
19600,21.9,81.6,64,38.7,17.7,34,8.7051562299087,9.32557541468432,30.0694355149801,1.06,97.8,20.552,228806445.17,482,"ES61","ES"
22100,14.7,82.4,72,33.8,16.6,33.7,11.3060118003508,13.3312071439962,31.3028225163451,1.09,133.5,20.552,228806445.17,482,"ES62","ES"
19700,30.8,78.6,64,43,14.6,24.7,3.19879417183051,8.89065290732288,29.3388429752066,0.21,4190.1,20.552,228806445.17,482,"ES63","ES"
17900,25.4,79.9,58,35.2,14,34.5,12.9787656281008,5.43968776680083,18.6206896551724,0.35,6017.7,20.552,228806445.17,482,"ES64","ES"
19000,23.5,82.6,62,37.8,12,35.6,3.1101353823637,5.43968776680083,37.7972923527259,0.56,301.9,20.552,228806445.17,482,"ES70","ES"
40100,7.7,82.3,97,14,8,40.1,4.13319946452477,18.3902275769746,18.8755020080321,2.74,23.6,42.819,43676126.63,630,"FI19","FI"
57600,7.7,82.3,140,12,6.3,49.8,0.747863247863248,9.2948717948718,22.0322886989554,3.77,186.5,42.819,43676126.63,630,"FI1B","FI"
39800,7.5,81.6,97,13.6,11.4,38,3.42019543973941,16.8973941368078,20.5415309446254,1.87,36.5,42.819,43676126.63,630,"FI1C","FI"
37600,7.8,81.3,91,16.4,8.8,37.6,7.05140454806039,14.5996560290464,17.9438180775846,2.78,6.3,42.819,43676126.63,630,"FI1D","FI"
59400,8,83.8,162,37.3,6.2,54.4,0.175556078402983,7.36973557996851,20.7192369645087,2.83,1031.5,19.391,334083317.76,564,"FR10","FR"
30500,7.2,82.2,83,32.5,7.7,32.7,2.84615384615385,15.2019230769231,22.5192307692308,1.5,65.5,19.391,334083317.76,564,"FRB0","FR"
31100,7.1,82.3,85,16,7.1,35.9,2.88265705780981,14.9459501801661,22.2152592824691,0.93,51.2,19.391,334083317.76,564,"FRC1","FR"
28300,7,82.4,77,30.6,7.9,32.7,5.39961431326334,21.4698950074995,18.2129847868009,2.93,72.7,19.391,334083317.76,564,"FRC2","FR"
29500,6.4,81.7,80,16.4,7.3,34.6,6.67952314165498,16.234221598878,20.3716690042076,1.25,82.6,19.391,334083317.76,564,"FRD1","FR"
31000,7.6,81.4,84,11.5,10.5,33.8,3.05969129900287,18.2898511132359,21.0763556891135,1.53,151.2,19.391,334083317.76,564,"FRD2","FR"
29100,8.8,80.4,79,25.6,11.4,35.8,1.43894053228066,13.8545778683306,21.7050808608175,0.91,327.9,19.391,334083317.76,564,"FRE1","FR"
26900,9.7,80.7,73,25.6,9.9,31.6,2.58772524048232,14.7947432597209,24.3056496409701,1.49,99.4,19.391,334083317.76,564,"FRE2","FR"
33700,7.1,82.9,92,15.9,6.1,37.7,1.44980506822612,21.4059454191033,20.8211500974659,1.86,231.9,19.391,334083317.76,564,"FRF1","FR"
30900,8.9,81.2,84,33.8,7.9,31.3,6.1137151008763,18.4022824536377,18.4837986549827,0.85,51.4,19.391,334083317.76,564,"FRF2","FR"
27000,8.5,81.3,73,35.5,7.2,31.1,1.36740641111858,17.0925801389823,22.6294552790854,1.29,98.7,19.391,334083317.76,564,"FRF3","FR"
33300,6,83.1,91,21.6,6.9,38.6,4.37390652336916,17.2519370157461,19.0452386903274,1.33,119.2,19.391,334083317.76,564,"FRG0","FR"
31700,5.8,82.4,86,17.3,5.9,40.4,4.06033311887912,14.4256201301022,21.7385088283651,1.75,123.4,19.391,334083317.76,564,"FRH0","FR"
33100,7.4,83.1,90,21.6,6.4,39.9,3.81835537978999,9.89363152870585,22.7669439519978,1.79,84.7,19.391,334083317.76,564,"FRI1","FR"
28700,6.3,82.1,78,23.1,6.7,37,5.92105263157895,12.1710526315789,17.1052631578947,1.33,42.7,19.391,334083317.76,564,"FRI2","FR"
30400,8.6,82.3,83,20,7.2,33.3,4.41393563625627,13.3008562149395,19.368172423974,0.9,70.3,19.391,334083317.76,564,"FRI3","FR"
29300,11.4,82.3,80,35.5,10.9,38.4,2.04239667021586,6.68860710483012,23.4633626948021,2.59,105.4,19.391,334083317.76,564,"FRJ1","FR"
33300,6.1,83.5,91,16.4,6.7,44.2,3.40873876665634,12.6898047722343,18.3064766036566,4.44,68.5,19.391,334083317.76,564,"FRJ2","FR"
30100,7,82.1,82,9.2,10.8,30.2,4.15435745937962,17.1528803545052,19.5531757754801,2.15,52.6,19.391,334083317.76,564,"FRK1","FR"
37200,7.2,83.8,101,14.7,7.4,44.6,1.77099343300265,15.2962134972754,20.7628894788319,3,152,19.391,334083317.76,564,"FRK2","FR"
38500,8.1,82.4,105,13.8,8.1,40.8,1.15838031778575,8.33418759610456,23.2137365453614,2.16,163.5,19.391,334083317.76,564,"FRL0","FR"
31500,9.1,83.4,86,32.5,14.6,27.8,3.05196590596646,6.66131621187801,31.0593900481541,0.37,39.8,19.391,334083317.76,564,"FRM0","FR"
25100,17.1,77.6,68,37.8,12.4,23.4,2.37892948173322,8.49617672047579,24.553950722175,1.49,244.2,19.391,334083317.76,564,"FRY1","FR"
25100,12.8,78.2,68,29.2,12.4,29.4,3.7593984962406,6.51629072681704,19.2982456140351,0.91,325,19.391,334083317.76,564,"FRY2","FR"
17800,14.6,77.2,48,19.3,23.3,18.2,5.83058305830583,6.02782071097372,18.3925811437403,0.62,3.5,19.391,334083317.76,564,"FRY3","FR"
24200,17.9,80.9,66,25.8,12.3,24.4,2.93343362166228,6.69424595712674,21.0229409552463,1.67,348.9,19.391,334083317.76,564,"FRY4","FR"
10600,9.5,75.2,50,28.6,2.2,17.8,14.1496958476593,22.8246495636075,18.4342766463898,0.42,45.1,31.285,18361718.21,456,"HR02","HR"
14000,9.2,77.7,66,19.9,1.9,24.9,4.3601130399677,16.1081953976585,34.5781186919661,0.65,55.9,31.285,18361718.21,456,"HR03","HR"
25800,5.3,77.6,121,13.3,3.4,43.9,0.759066629181895,17.4866460500422,25.5833567613157,2.24,30.6,31.285,18361718.21,456,"HR05","HR"
12100,4.6,75.7,57,19.8,2.5,18.1,6.61809350333941,30.4493017607772,22.5865209471767,1.15,127.4,31.285,18361718.21,456,"HR06","HR"
34100,2.9,76.4,158,14.2,5.3,55.6,0.306965761511216,10.6729634002361,21.7591499409681,2.76,3405.9,14.134,51301958.59,420,"HU11","HU"
13200,2.9,74.9,61,18,8.5,33,2.4234892030449,19.4655895603542,28.0720832686034,0.62,207.5,14.134,51301958.59,420,"HU12","HU"
14300,2.1,73.9,66,10.8,11,23.2,3.89761489237929,34.4968004653868,21.175101803374,1.26,99.2,14.134,51301958.59,420,"HU21","HU"
14700,2.3,74.9,68,13.8,6.6,25.3,4.25130890052356,29.9685863874346,23.7905759162304,1.13,89,14.134,51301958.59,420,"HU22","HU"
10900,4.7,73.7,51,25.8,13.1,20.4,6.62162162162162,23.2162162162162,20.972972972973,0.86,63.4,14.134,51301958.59,420,"HU23","HU"
11000,6.2,72,51,27.4,22.7,18.8,3.38266384778013,30.0634249471459,19.5348837209302,0.65,83.9,14.134,51301958.59,420,"HU31","HU"
10500,7,73,49,27,16.9,20.1,7.21682332324359,23.9286283256333,20.5352875577505,0.96,82.6,14.134,51301958.59,420,"HU32","HU"
11700,4.4,73.7,54,20.8,10.5,22.1,8.7495508444125,25.9252605102408,22.0625224577794,1.37,67.7,14.134,51301958.59,420,"HU33","HU"
40000,5,82.5,102,27.1,12.7,48.7,6.43765903307888,16.3613231552163,22.5699745547074,1.73,35.3,12.945,55789572.54,755,"IE04","IE"
98200,6.5,81.9,250,21.2,10.9,49.4,4.88696358467578,16.732096927034,22.7426560173277,0.8,56.1,12.945,55789572.54,755,"IE05","IE"
98400,6.5,82.5,251,15.9,3.4,56.5,1.6423663482487,10.0050276520865,23.202614379085,1.3,171.7,12.945,55789572.54,755,"IE06","IE"
32200,7.3,82.8,99,17.7,11.4,20,3.21390937829294,26.1327713382508,22.1929516450064,2.08,170.7,18.888,312434637.88,495,"ITC1","IT"
38700,7.3,83,119,11.5,10.9,18.9,8.20652173913043,11.4341085271318,26.5503875968992,0.58,38.4,18.888,312434637.88,495,"ITC2","IT"
32700,8.4,83,100,21.6,12.9,21.9,2.31707317073171,13.9895470383275,29.3379790940767,1.62,281.4,18.888,312434637.88,495,"ITC3","IT"
42500,5.9,83.6,130,16.7,11.3,21.2,1.52878338278932,26.0842729970326,21.8919881305638,1.29,434.1,18.888,312434637.88,495,"ITC4","IT"
26300,9.3,82.8,81,35.5,8,21.2,4.047976011994,20.6468194474191,24.9303919468837,1.14,119.1,18.888,312434637.88,495,"ITF1","IT"
23400,10.9,81.6,72,32.2,7.6,19.5,7.01030927835052,17.7319587628866,22.680412371134,0.95,66.9,18.888,312434637.88,495,"ITF2","IT"
19900,19.3,80.9,61,49.4,16.4,16.5,4.0385735551097,15.4941427739305,28.6648113390719,1.33,415.7,18.888,312434637.88,495,"ITF3","IT"
20300,14.6,82.2,62,32,17.6,15.8,8.70970485668113,14.5955600918602,25.5847580165008,0.86,204.3,18.888,312434637.88,495,"ITF4","IT"
23900,8.3,82.7,73,31.8,8.7,17.6,8.20652173913043,19.8913043478261,20.6521739130435,0.54,54.8,18.888,312434637.88,495,"ITF5","IT"
18400,18,81.7,56,40,14,16.2,12.9787656281008,8.89065290732288,26.6521135145862,0.59,123.7,18.888,312434637.88,495,"ITF6","IT"
19100,18.7,81.3,59,42.5,21.2,14.8,8.87179084556803,9.49203109052367,26.4190939781738,0.92,188.9,18.888,312434637.88,495,"ITG1","IT"
22500,13.5,83,69,33.7,13.2,17.4,5.83058305830583,8.26916024935827,28.3094976164283,0.83,67.3,18.888,312434637.88,495,"ITG2","IT"
49800,3.8,83.8,153,9.2,12.9,17.6,5.71192052980133,15.976821192053,28.2698675496689,0.83,72.4,18.888,312434637.88,495,"ITH1","IT"
39400,4.8,84.2,121,16.3,8.8,21.8,4.02423193422761,19.2990047598442,21.549112938122,1.48,88.3,18.888,312434637.88,495,"ITH2","IT"
35000,5.3,83.6,107,16.9,9.3,19.7,2.7206173328057,29.0215670755837,23.4072022160665,1.27,281,18.888,312434637.88,495,"ITH3","IT"
33800,5.7,82.5,104,16,8.6,21.2,2.72507064997981,25.6156641098103,23.3144933387162,1.66,159,18.888,312434637.88,495,"ITH4","IT"
38100,5.5,83.2,117,11.2,9.9,23.3,3.28764245575337,27.4250301979938,22.6563730896487,2.16,201.5,18.888,312434637.88,495,"ITH5","IT"
32500,7.5,83.4,100,16.7,11.1,20.8,2.8765374017071,21.1640567242422,25.4183748907857,1.58,161.9,18.888,312434637.88,495,"ITI1","IT"
26700,6.6,83.4,82,16.6,12,22.5,2.72407732864675,21.8219097832455,25.2489748096075,0.98,104.5,18.888,312434637.88,495,"ITI2","IT"
28900,7.1,83.2,89,11.5,7.9,21.6,3.19879417183051,27.8680288058952,23.094958968347,1,160.4,18.888,312434637.88,495,"ITI3","IT"
35800,10,82.9,110,25.6,9.2,26.1,2.78411684162483,9.89502510269284,24.3313555454131,2,338.7,18.888,312434637.88,495,"ITI4","IT"
30100,4.8,74.6,131,16.1,5.7,60.6,1.03710532380733,14.3351002535146,26.8034109241761,1.66,87.6,28.167,22195399.12,479,"LT01","LT"
16100,8.2,74,70,26.5,6.8,38.5,7.19342315597168,21.5117606759534,24.8572733500799,0.7,37,28.167,22195399.12,479,"LT02","LT"
113900,5.3,82.7,262,19.8,9.3,50.5,1.02377807133421,3.73183619550859,15.4887714663144,1.04,243.8,11.713,8306738.5,793,"LU00","LU"
17100,7.6,73.1,71,21.4,7.3,39,6.70316301703163,15.316301703163,26.4111922141119,0.74,30,42.112,9805774.64,461,"LV00","LV"
7900,9.5,73.8,45,28,2.2,24.7,22.4987303199594,27.6032823995473,21.0495455878042,0.51,45.6,39.891,53157882.23,515,"ME00","ME"
6400,15.5,73.2,42,37.1,6.1,24,10.8179419525066,23.2776311931985,24.4503078276165,1.21,83.2,19.115,51853625.55,459,"MK00","MK"
32100,3.8,82.3,109,18.3,10.9,32.1,0.806142034548944,11.9385796545106,22.8406909788868,0.67,1646.4,12.631,2947111.31,611,"MT00","MT"
46600,5.4,80.8,120,20.4,3.4,41.9,2.47541539504917,8.54526958290946,21.9735503560529,1.05,248.5,13.117,154241732.36,514,"NL11","NL"
37300,4.5,81.3,96,18.3,5.2,33.5,4.49612403100775,12.6201550387597,22.9767441860465,3.25,191.6,13.117,154241732.36,514,"NL12","NL"
35900,3.5,81,93,17.4,3.7,35.8,2.18395632087358,10.1637967240655,24.1495170096598,1.79,185,13.117,154241732.36,514,"NL13","NL"
43700,3.8,81.1,113,15.3,3.7,39.9,2.86288297338021,13.2931525196719,24.7112004018081,0.98,346.4,13.117,154241732.36,514,"NL21","NL"
43300,3.9,81.4,112,15,5.7,42.7,2.15948396746751,9.5634289987847,23.8291109656913,2.51,418.3,13.117,154241732.36,514,"NL22","NL"
37800,4.6,81.1,98,19.1,9.8,35,2.76169265033408,8.73051224944321,25.2115812917595,1.2,296.6,13.117,154241732.36,514,"NL23","NL"
65100,4.5,81.6,168,18.3,4.9,49.1,1.28687388635914,6.87652610044216,24.2460238896588,6.81,1047.6,13.117,154241732.36,514,"NL32","NL"
40000,3.6,81.3,104,15.8,9.4,29.8,3.87997930677703,17.5892395240559,26.9011898603207,0.83,213.2,13.117,154241732.36,514,"NL34","NL"
62500,4,82.7,162,15,4.1,51.5,0.93831930453981,5.87829446667587,24.7826686904926,1.48,365.5,13.117,154241732.36,514,"NL35","NL"
49300,5.1,81,127,21.2,5.5,44.7,1.90170152241479,7.16430490438814,24.5482800400358,5.31,136.4,13.117,154241732.36,514,"NL36","NL"
53000,3.2,81.6,137,14.7,4.2,40,2.50938258885864,12.9663698579734,26.9997792332033,1.29,517.7,13.117,154241732.36,514,"NL41","NL"
44200,3.8,80.7,114,16.7,7.8,38.4,2.60416666666667,12.797619047619,24.2559523809524,2.51,517.6,13.117,154241732.36,514,"NL42","NL"
48100,3.6,82.4,104,17.3,8.7,38.4,4.29411764705882,10.5294117647059,19.8235294117647,2.51,7.5,75.038,58135896.48,799,"NO02","NO"
55300,3.5,83.6,120,20.6,12,48.6,3.80993150684932,8.9041095890411,17.8938356164384,3.37,12,75.038,58135896.48,799,"NO06","NO"
54200,3.8,82.6,118,15.6,13.6,40,4.51832907075874,8.48252344416027,19.9914748508099,4.04,4.5,75.038,58135896.48,799,"NO07","NO"
67700,5.3,83.2,147,16.8,13.4,51.7,0.607410406964973,6.6207734359182,22.109738813525,3.33,1047.6,75.038,58135896.48,799,"NO08","NO"
49000,4.4,82.9,106,15.4,10.5,41.2,1.73580464842601,13.2980288320094,21.2709620476611,1.87,104.1,75.038,58135896.48,799,"NO09","NO"
59300,3.9,83.6,129,16,11.3,48,2.63005780346821,17.9335260115607,19.1618497109827,2.83,409.5,75.038,58135896.48,799,"NO0A","NO"
14400,3.2,76.9,72,16,6.8,36.4,4.66939331970007,19.7137014314928,24.0627130197682,2.51,224.4,15.604,364929432.13,370,"PL21","PL"
16200,2.9,74.6,81,14.5,6.8,31.9,1.5180265654649,30.9087075690491,22.7282310773772,0.95,367.2,15.604,364929432.13,370,"PL22","PL"
16700,2.3,75.7,83,17.8,4.1,27.9,10.1986272246857,28.245155803924,24.9711474214906,0.9,118,15.604,364929432.13,370,"PL41","PL"
13300,3.5,75,66,14.6,12.2,30,5.09554140127389,21.104033970276,26.2137296532201,0.65,76.3,15.604,364929432.13,370,"PL42","PL"
13000,5.2,74.4,65,17.3,10,29.1,3.78416257883672,25.2511095538426,25.3912637234291,0.34,72.4,15.604,364929432.13,370,"PL43","PL"
17500,4.1,75.2,87,12.1,8.5,36.7,4.65312380222307,24.1395170563434,23.1353008815638,1.39,144.7,15.604,364929432.13,370,"PL51","PL"
13200,2.8,75.7,66,11.4,8.5,27.8,9.66455547736336,26.5775275627492,22.0971147079521,0.58,100.8,15.604,364929432.13,370,"PL52","PL"
13000,4.5,74.8,65,23.3,10.5,28.2,12.3215713143771,22.4734498115793,22.0737695557839,1.02,116.4,15.604,364929432.13,370,"PL61","PL"
11400,3.5,74.5,57,22.5,21.4,25.3,11.2328290732047,23.8914971309338,19.1618848895844,1.21,60.8,15.604,364929432.13,370,"PL62","PL"
15100,2.4,76.2,76,15.3,8.5,35,5.48665915069523,23.0552423900789,24.6335963923337,1.84,131,15.604,364929432.13,370,"PL63","PL"
15000,4.5,74.6,75,15.7,6.8,30.2,9.0831998492415,25.2237821539621,23.7821539621219,1.13,134.4,15.604,364929432.13,370,"PL71","PL"
11800,4.5,75.3,59,14.7,14.4,30.4,16.5659008464329,21.1003627569528,21.9467956469166,0.48,104.3,15.604,364929432.13,370,"PL72","PL"
11100,5.2,74.9,55,24.4,8,31.3,19.3453777569216,17.3744720788362,19.9554199906147,1.14,83.5,15.604,364929432.13,370,"PL81","PL"
11400,4.8,76.2,57,19.2,7.5,30.2,6.09376943166273,25.8301206317622,22.9822161422709,1.29,117.6,15.604,364929432.13,370,"PL82","PL"
12000,3.2,75.3,60,21,4.1,33,19.4277711084434,17.7671068427371,21.0284113645458,0.87,57.3,15.604,364929432.13,370,"PL84","PL"
30900,2.1,76.8,154,10.7,5.9,58.1,1.20950586519176,12.0403573816325,21.7954172491339,2.71,513.7,15.604,364929432.13,370,"PL91","PL"
14000,3.8,74.3,70,22,4.1,28.2,18.4849400624559,21.104059635338,21.3458245189886,0.35,79.1,15.604,364929432.13,370,"PL92","PL"
18200,6.7,82.7,65,25.8,4.7,24.9,2.14105016350959,27.9200345529709,23.3170852100944,1.97,169.1,33.982,49490409.4,510,"PT11","PT"
20000,8.6,80.7,71,25.4,12.4,24.8,1.8978102189781,4.72019464720195,37.712895377129,0.48,88.8,33.982,49490409.4,510,"PT15","PT"
18800,5.4,73.9,67,14.9,6.3,29.6,2.60306739833967,23.0336288166596,22.4145208948924,1.74,129.8,33.982,49490409.4,510,"PT19","PT"
31600,6.8,81.3,112,26.3,6.5,41.8,0.588853838065195,9.33753943217665,24.1850683491062,0.48,4334.3,33.982,49490409.4,510,"PT1A","PT"
14700,8.7,81.3,52,39.2,7.9,30.7,16.5659008464329,12.6680011438376,25.7935373177009,1.18,36,33.982,49490409.4,510,"PT1B","PT"
19700,6.8,83.3,70,28.6,15.4,21.4,10.8826479438315,14.543630892678,22.3169508525577,0.93,36.9,33.982,49490409.4,510,"PT1C","PT"
16900,6,80.7,60,42.5,7.9,21.5,5.22065186039804,17.6809922122873,27.7184886068647,0.98,30,33.982,49490409.4,510,"PT1D","PT"
18400,7,79.2,65,27.5,22.5,15.9,7.74443368828654,9.19651500484027,25.3630203291384,0.41,105.2,33.982,49490409.4,510,"PT20","PT"
20100,7.8,79.8,71,29.2,15.3,24.7,0.588853838065195,5.93607305936073,31.8721461187215,0.46,318,33.982,49490409.4,510,"PT30","PT"
11700,3.1,72.8,67,25,16.3,19.3,8.87611749680715,26.0901295384054,28.0605728881591,0.25,74.7,23.871,95730554.27,302,"RO11","RO"
11800,5.1,73.3,68,30.6,20.2,16.4,8.46923855584299,31.841187717917,24.5866606680913,0.35,68,23.871,95730554.27,302,"RO12","RO"
7900,6.8,72,45,42.7,15.3,12.3,24.6738327726266,14.8929186838434,25.1087224091245,0.25,87,23.871,95730554.27,302,"RO21","RO"
10200,6,72.1,58,50.3,22.9,12.9,13.6893091915581,23.6650905316572,27.8399261907508,0.1,70.2,23.871,95730554.27,302,"RO22","RO"
9500,7.7,72.4,54,37.2,15.1,13.9,9.70802919708029,25.9306569343066,27.1715328467153,0.27,85.2,23.871,95730554.27,302,"RO31","RO"
29500,3.5,73.9,168,16.4,7.9,41.1,0.722148833113166,9.67855570233377,32.5583443416997,0.97,1325.3,23.871,95730554.27,302,"RO32","RO"
9600,9.2,73.4,55,39.2,10.5,17.4,17.5265330188679,24.4103773584906,24.3808962264151,0.12,66.3,23.871,95730554.27,302,"RO41","RO"
12700,3.5,72.5,73,30.6,10.3,16.3,5.34440075724479,38.7359836901121,27.9889325760885,0.67,55.4,23.871,95730554.27,302,"RO42","RO"
13800,8.9,73.8,76,18.5,5.7,40.3,2.25409836065574,15.5874316939891,29.1120218579235,1.74,30,25.255,53157882.23,442,"RS11","RS"
7600,9.6,72.6,42,30.3,9.1,21.9,13.0521516101453,27.5862068965517,22.2713023653463,0.9,67.7,25.255,53157882.23,442,"RS12","RS"
5300,13,72.9,29,30.8,6.4,18.7,19.9773627617431,27.6032823995473,20.9818902093945,0.16,72.4,25.255,53157882.23,442,"RS21","RS"
5900,13.8,71.9,32,37,9.8,20.2,12.5522180226775,28.267356276109,21.4442013129103,0.21,117.6,25.255,53157882.23,442,"RS22","RS"
70300,8.3,84.1,164,13.3,7.5,56.1,0.909966812975056,5.2665799739922,16.6856306892068,3.57,365.5,62.527,42267027.09,418,"SE11","SE"
43700,9.8,83,102,19.4,7.5,44.6,1.44441578540108,13.941191643023,15.9530564869745,3.65,45.1,62.527,42267027.09,418,"SE12","SE"
44200,7.6,83.5,103,17.1,12.1,37.6,2.5089605734767,18.0747567844342,17.5371223758321,1.64,26.3,62.527,42267027.09,418,"SE21","SE"
43900,11.3,82.9,102,20.2,7.3,47.5,1.39789595042513,9.97261853292982,18.3023490416487,3.25,111,62.527,42267027.09,418,"SE22","SE"
48800,8.5,83.2,114,17.3,9.7,45.6,1.29631519853016,13.432683474533,18.3933857303256,5.31,70.7,62.527,42267027.09,418,"SE23","SE"
40600,9.8,82.5,95,18.8,8.7,35.4,3.05196590596646,14.6274401979654,18.2293098707726,1.05,13.5,62.527,42267027.09,418,"SE31","SE"
44200,6.3,82.2,103,21.5,1.9,40.1,1.99530516431925,12.3239436619718,16.7253521126761,0.7,5.3,62.527,42267027.09,418,"SE32","SE"
54300,6.2,82.3,126,14,7.6,43,2.31286795626577,12.6576955424727,16.0218671152229,2.51,3.4,62.527,42267027.09,418,"SE33","SE"
20000,5,79.7,71,14.9,2.8,35.3,4.82590103848503,28.5685196497658,18.6520057014865,1.52,89.4,25,12408467.5,511,"SI03","SI"
29800,4.5,82.1,106,11.5,3.4,46,1.98618307426598,20.6174438687392,21.1355785837651,2.59,128,25,12408467.5,511,"SI04","SI"
40300,2.6,77.1,158,6.1,5.9,46.7,2.15948396746751,12.8145114101814,23.9321240491515,1.52,333.2,17.419,34027819.56,497,"SK01","SK"
16800,4.7,74.6,66,11.9,11,23.6,2.24311770703523,35.9691854537215,20.7884898606548,0.78,122.7,17.419,34027819.56,497,"SK02","SK"
15700,7.5,74.3,62,19.3,7.5,24.5,3.28508700601724,28.1346560416328,21.6783216783217,0.72,82.5,17.419,34027819.56,497,"SK03","SK"
13700,10.9,73.9,54,20.5,14.4,27.7,2.94635004397537,23.5414834359425,21.0495455878042,0.57,104,17.419,34027819.56,497,"SK04","SK"
